{"cameraMode":{"drawMode":0,"name":"Shaded","section":"Shading Mode"},"sceneLighting":false,"audioPlay":false,"sceneViewState":{"m_AlwaysRefresh":false,"showFog":true,"showSkybox":false,"showFlares":true,"showImageEffects":true,"showParticleSystems":true,"showVisualEffectGraphs":true,"m_FxEnabled":true},"in2DMode":false,"pivot":{"x":-18.768917083740236,"y":2.2280430793762209,"z":62.249656677246097},"rotation":{"x":0.29566240310668948,"y":0.08895829319953919,"z":-0.027665648609399797,"w":0.9507425427436829},"size":6.364064693450928,"orthographic":false}