{"cameraMode":{"drawMode":0,"name":"Shaded","section":"Shading Mode"},"sceneLighting":false,"audioPlay":false,"sceneViewState":{"m_AlwaysRefresh":false,"showFog":true,"showSkybox":false,"showFlares":true,"showImageEffects":true,"showParticleSystems":true,"showVisualEffectGraphs":true,"m_FxEnabled":true},"in2DMode":false,"pivot":{"x":-15.376228332519532,"y":2.4450225830078127,"z":4.275629997253418},"rotation":{"x":0.008343895897269249,"y":0.9612417221069336,"z":-0.2741282284259796,"w":0.029123371466994287},"size":3.7871625423431398,"orthographic":false}