{"cameraMode":{"drawMode":0,"name":"Shaded","section":"Shading Mode"},"sceneLighting":false,"audioPlay":false,"sceneViewState":{"showFog":true,"showMaterialUpdate":false,"showSkybox":false,"showFlares":true,"showImageEffects":true,"showParticleSystems":true},"in2DMode":false,"pivot":{"x":-12.748830795288086,"y":3.0255126953125,"z":13.798421859741211},"rotation":{"x":0.1552407145500183,"y":0.26779821515083315,"z":-0.04376693814992905,"w":0.9498795866966248},"size":7.8942341804504398,"orthographic":true}