{"cameraMode":{"drawMode":0,"name":"Shaded","section":"Shading Mode"},"sceneLighting":false,"audioPlay":false,"sceneViewState":{"showFog":true,"showMaterialUpdate":false,"showSkybox":false,"showFlares":true,"showImageEffects":true,"showParticleSystems":true},"in2DMode":false,"pivot":{"x":-0.1146288514137268,"y":1.601227045059204,"z":-5.960464477539063e-8},"rotation":{"x":-0.0667765811085701,"y":0.6694032549858093,"z":-0.06061854213476181,"w":-0.7374060153961182},"size":5.115445613861084,"orthographic":false}