{"cameraMode":{"drawMode":0,"name":"Shaded","section":"Shading Mode"},"sceneLighting":false,"audioPlay":false,"sceneViewState":{"showFog":true,"showMaterialUpdate":false,"showSkybox":false,"showFlares":true,"showImageEffects":true,"showParticleSystems":true},"in2DMode":false,"pivot":{"x":-14.059232711791993,"y":3.7259678840637209,"z":13.619476318359375},"rotation":{"x":0.05580217391252518,"y":0.9430763125419617,"z":-0.20693276822566987,"w":0.2543131411075592},"size":9.588088989257813,"orthographic":false}