{"cameraMode":{"drawMode":0,"name":"Shaded","section":"Shading Mode"},"sceneLighting":false,"audioPlay":false,"sceneViewState":{"showFog":true,"showMaterialUpdate":false,"showSkybox":true,"showFlares":false,"showImageEffects":false,"showParticleSystems":false},"in2DMode":false,"pivot":{"x":-8.397710800170899,"y":-0.7672116756439209,"z":20.256389617919923},"rotation":{"x":0.22556112706661225,"y":0.30647286772727969,"z":-0.07499904930591583,"w":0.9217237234115601},"size":17.95421028137207,"orthographic":false}