{"cameraMode":{"drawMode":0,"name":"Shaded","section":"Shading Mode"},"sceneLighting":false,"audioPlay":false,"sceneViewState":{"showFog":true,"showMaterialUpdate":false,"showSkybox":false,"showFlares":true,"showImageEffects":true,"showParticleSystems":true},"in2DMode":false,"pivot":{"x":0.849148690700531,"y":3.729325294494629,"z":-3.394284248352051},"rotation":{"x":-0.011723599396646023,"y":0.7987856268882752,"z":-0.6013506650924683,"w":-0.015578151680529118},"size":9.47852897644043,"orthographic":false}