{"cameraMode":{"drawMode":0,"name":"Shaded","section":"Shading Mode"},"sceneLighting":true,"audioPlay":false,"sceneViewState":{"showFog":true,"showMaterialUpdate":false,"showSkybox":false,"showFlares":true,"showImageEffects":true,"showParticleSystems":true},"in2DMode":false,"pivot":{"x":0.591796875,"y":3.7350940704345705,"z":9.401138305664063},"rotation":{"x":-0.12820543348789216,"y":0.8516631722450256,"z":-0.2453605979681015,"w":-0.44501036405563357},"size":36.56275939941406,"orthographic":false}