{"cameraMode":{"drawMode":0,"name":"Shaded","section":"Shading Mode"},"sceneLighting":false,"audioPlay":false,"sceneViewState":{"showFog":true,"showMaterialUpdate":true,"showSkybox":true,"showFlares":true,"showImageEffects":true,"showParticleSystems":true},"in2DMode":false,"pivot":{"x":-15.059715270996094,"y":5.0469489097595219,"z":13.281578063964844},"rotation":{"x":0.08166157454252243,"y":0.9030835628509522,"z":-0.19815735518932343,"w":0.3721652626991272},"size":12.303049087524414,"orthographic":false}