{"cameraMode":{"drawMode":0,"name":"Shaded","section":"Shading Mode"},"sceneLighting":false,"audioPlay":false,"sceneViewState":{"showFog":true,"showMaterialUpdate":false,"showSkybox":false,"showFlares":true,"showImageEffects":true,"showParticleSystems":true},"in2DMode":false,"pivot":{"x":-31.110855102539064,"y":-0.32824912667274477,"z":19.780330657958986},"rotation":{"x":0.18438950181007386,"y":0.2527342736721039,"z":-0.04913036525249481,"w":0.9485329389572144},"size":6.826986312866211,"orthographic":false}