{"cameraMode":{"drawMode":0,"name":"Shaded","section":"Shading Mode"},"sceneLighting":false,"audioPlay":false,"sceneViewState":{"m_AlwaysRefresh":false,"showFog":true,"showSkybox":false,"showFlares":true,"showImageEffects":true,"showParticleSystems":true,"showVisualEffectGraphs":true,"m_FxEnabled":true},"in2DMode":false,"pivot":{"x":-18.489999771118165,"y":1.3130578994750977,"z":26.594106674194337},"rotation":{"x":-0.002000203123316169,"y":-0.9573392868041992,"z":0.28891757130622866,"w":-0.006612212862819433},"size":2.453089952468872,"orthographic":false}